category,title,url,primary_use
Direct competitor,Rollyn App Store,https://apps.apple.com/us/app/rollyn-festival-rave-app/id6759700821,"Features; pricing; ratings; reviews; release activity"
Direct competitor,cht.so Festival Group Planner,https://www.cht.so/festival-group-planner,"No-install festival group planning feature set"
Direct competitor,FestiPlannr App Store,https://apps.apple.com/us/app/festiplannr/id6762166101,"Offline/group schedule features; ratings; data-coverage complaint"
Launch database,FestiPlannr Product Hunt,https://www.producthunt.com/posts/festiplannr,"Launch dates and positioning"
Direct competitor,FestiView,https://www.festiview.com/,"Pricing; offline; UWB; crew chat/map; Meshtastic differentiation"
Direct competitor,Amicorum,https://amicorum.app/,"Squads; shared schedule; group map; festival companion scope"
Direct competitor,Setline,https://setlineapp.com/,"Festival discovery; lineups; clashes; maps; friends"
Direct competitor,kndi,https://kndi.app/,"Groups; events; schedules; maps; photo album"
Established platform,Appic App Store,https://apps.apple.com/in/app/appic-festivals-more/id968362389,"Official-style app features and 1.5M+ user claim"
Established platform,Aloompa,https://go.aloompa.com/,"Organizer CMS; schedules; maps; analytics; distribution"
Indirect competitor,Wanderlog Pro,https://wanderlog.com/pro,"Collaborative travel features and pricing"
Funding,Wanderlog seed announcement,https://wanderlog.com/blog/2021/09/01/announcing-our-seed-fundraise/,"$1.5M seed disclosure"
YC company,Wanderlog YC profile,https://www.ycombinator.com/companies/wanderlog,"YC batch and active company context"
Hero-feature competitor,Campsite Layout Simulator App Store,https://apps.apple.com/jp/app/%E5%A6%84%E6%83%B3%E3%82%AD%E3%83%A3%E3%83%B3%E3%83%97-%E3%82%AD%E3%83%A3%E3%83%B3%E3%83%97%E3%82%B5%E3%82%A4%E3%83%88%E3%83%AC%E3%82%A4%E3%82%A2%E3%82%B7%E3%83%A5%E3%83%9F%E3%83%A5%E3%83%AC%E3%83%BC%E3%82%BF%E3%83%BC/id1557008556,"Existing dimension-aware consumer campsite layout product"
Adjacent competitor,Flaresat,https://flaresat.com/,"Live map; off-grid radio; cross-platform; user claim"
Adjacent competitor,CrowdLink,https://fionan313.github.io/CrowdLink/,"BLE mesh festival friend finding and small survey"
Adjacent competitor,Truss,https://www.truss.one/,"Festival-focused mesh hardware/app"
Adjacent competitor,Crowd Compass,https://www.crowdcompass.io/,"Festival mesh hardware/app and friend finding"
Adjacent competitor,Loxation,https://www.loxation.com/,"Festival-scale BLE mesh and B2B distribution"
Open source,Festapp GitHub,https://github.com/vkh-cr/festapp,"Open-source cross-platform event app; offline maps/schedules"
Open source,TREK GitHub,https://github.com/liketrek/TREK,"Open-source group-trip planner breadth and collaboration"
Customer pain,Group camping inventory sheet Reddit,https://www.reddit.com/r/LightningInABottle/comments/1s0fvx4/camping_with_a_group_try_out_my_group_camping/,"Spreadsheet workaround and positive user response"
Customer pain,Lost Lands layout app request,https://www.reddit.com/r/LostLandsMusicFest/comments/1lh2pmx,"Demand for visual campsite fit planning"
Customer workaround,Dancefestopia Sims layout,https://www.reddit.com/r/Dancefestopia/comments/1tk24ob/car_camping_layout/,"The Sims used to communicate camp layout"
Customer pain,Electric Forest preferred layout,https://www.reddit.com/r/ElectricForest/comments/1u8e655/preferred_car_camping_layout/,"Plot-size uncertainty and layout advice"
Customer complaint,Download Festival app interface complaint,https://www.reddit.com/r/downloadfestival/comments/1kljnqs,"Official schedule UX and clash visibility complaints"
Customer complaint,Festival no-signal friend finding discussion,https://www.reddit.com/r/festivals/comments/1s1z1t0/lost_my_group_at_every_festival_ive_ever_been_to/,"Connectivity failure; battery skepticism; meetup workaround"
Pricing pain,Wanderlog Pro Reddit discussion,https://www.reddit.com/r/wanderlog/comments/1gahkpf/wanderlog_pro/,"Preference for per-trip or monthly pricing"
Market scale,Live Nation 2025 Form 10-K,https://investors.livenationentertainment.com/sec-filings/annual-reports/content/0001335258-26-000009/lyv-20251231.htm?TB_iframe=true&height=auto&preload=false&width=auto,"159M fan attendance; 55K events; 131 festivals; TAM guardrail"
Failed category,Travel planning software HN 2021,https://news.ycombinator.com/item?id=28481963,"Good-enough tool stack and category difficulty"
Failed category,TripJam 2025 HN,https://news.ycombinator.com/item?id=44032047,"Build-before-validation and saturated-market warning"
Failed category,Travel planning software HN 2014,https://news.ycombinator.com/item?id=8419658,"Low frequency; reacquisition; TouristEye usage experience"
Discontinued product,Troupe status,https://tripti.ai/blog/rip-troupe-what-to-use-now,"Observable 2026 disappearance of group-trip planner"
Accelerator standard,YC essential startup advice,https://www.ycombinator.com/blog/ycs-essential-startup-advice/,"Launch; talk to users; 10-100 customers who love product"
Accelerator standard,YC FAQ,https://www.ycombinator.com/faq/,"Early-stage acceptance and traction context"
Accelerator scale,YC investor page,https://www.ycombinator.com/investors,"10K+ quarterly applicants and typical 1% acceptance rate"
