product,category,target_customer,key_features,pricing,traction_or_funding,similarity_to_festnest,features_they_have_not_verified_in_festnest,features_festnest_has_not_publicly_observed_in_them,thesis_impact,threat,source
Rollyn,Direct festival crew planner,Festival and rave groups,"Travel; lodging; set times; shared packing; expenses; group chat; moodboards; maps; offline festival data",Free,"4.9/5 from 42 US App Store ratings; active 2026 releases",Very high,"Built-in chat; lodging/confirmation uploads; moodboards; event discovery; QR joining; live App Store distribution","Real-dimension camp grid; encrypted emergency profile; Android intent; deeper roles/approval model",Invalidates broad all-in-one festival planning differentiation,Existential,https://apps.apple.com/us/app/rollyn-festival-rave-app/id6759700821
cht.so Festival Group Planner,Direct browser-based group planner,Temporary event and festival groups,"Chat; arrivals; camping lists; rides; meetups; artists; playlists; polls; expenses; photo wall",Free,"Public traction not found",Very high,"No-install guest link; chat; polls; playlists; photo wall; multi-currency","Real-scale camp grid; native offline local data; safety encryption; festival presets",Invalidates replace-scattered-tools uniqueness and sets low-friction benchmark,High,https://www.cht.so/festival-group-planner
FestiPlannr,Direct festival schedule/group planner,Festival attendees and crews,"Offline festivals; conflicts; group heatmaps; schedule customization; map pin; weather; flight data; notifications; wallpaper export",Free,"4.4/5 from 8 App Store ratings; Product Hunt launches in 2024 and 2026",High,"Current festival catalog; richer schedule UX; weather; visual export","Camp layout; supplies; food; packing; budget; safety",Invalidates schedule/group/offline/weather differentiation and exposes data-coverage burden,High,https://apps.apple.com/us/app/festiplannr/id6762166101
FestiView,Direct festival companion,Festival crews on iOS,"Offline lineup; conflicts; chat; live map; UWB; lock screen; Dynamic Island; iCloud; optional Meshtastic","$2.99 per festival; $9.99 mesh unlock","Public user count not found; claims Coachella 2025 field battery test",High,"UWB; lock-screen UX; live crew map; chat; working Meshtastic product claim","Pre-trip camp grid; supplies; food; travel capacity; budget; safety",Directly invalidates mesh/no-signal as future differentiation,High,https://www.festiview.com/
Flaresat,Adjacent live/off-grid coordination,Field teams and festival crews,"Cross-platform live map; no-account links; chat; pins; routes; geofences; weather; Meshtastic/MeshCore; cloud-radio bridge",Free,"Site claims 1K+ users",Medium,"Mature live map and hardware integrations; browser access","Festival prep; camp grid; lineup; packing; food; budget",Invalidates live map/mesh defensibility and can expand into festival crews,Medium-High,https://flaresat.com/
Wanderlog,Indirect collaborative travel planner,Leisure travelers and groups,"Shared itinerary/maps; reservations; budgets; attachments; route optimization; offline; Gmail imports; AI",Free; Pro from $39.99/year,"YC W19; disclosed $1.5M seed",Medium,"Mature maps/imports; AI; destination content; brand/distribution","Festival-specific campsite/lineup/safety workflows",Raises the bar for general trip collaboration and acquisition,Medium,https://wanderlog.com/pro
Appic and official festival-app platforms,Indirect organizer-distributed attendee platform,Festival organizers and attendees,"Official schedules; personal timetable; tickets; maps; friend location; alerts; recommendations; loyalty",Free to attendees,"Appic claims 1.5M+ fans",Medium,"Authoritative data; organizer distribution; tickets; alerts; sponsor surfaces","Crew-owned pre-trip logistics; camp equipment plan; independent cross-festival history",Official data/distribution can neutralize lineup and map wedges,High,https://apps.apple.com/in/app/appic-festivals-more/id968362389
Campsite Layout Simulator,Direct hero-feature competitor,Campers with fixed plots,"Configurable campsite; tents; tarps; cars; equipment layout; visual size comparison",Free with IAP,"4.2/5 from 36 App Store ratings",High for grid; low overall,"Focused existing layout experience","Collaboration; festival presets; ownership; trip operations; safety",Proves consumer layout feature already exists but not combined workflow,Medium,https://apps.apple.com/jp/app/%E5%A6%84%E6%83%B3%E3%82%AD%E3%83%A3%E3%83%B3%E3%83%97-%E3%82%AD%E3%83%A3%E3%83%B3%E3%83%97%E3%82%B5%E3%82%A4%E3%83%88%E3%83%AC%E3%82%A4%E3%82%A2%E3%82%B7%E3%83%A5%E3%83%9F%E3%83%A5%E3%83%AC%E3%83%BC%E3%82%BF%E3%83%BC/id1557008556
WhatsApp/iMessage + Google Sheets/Docs + official app + Splitwise,Incumbent workaround,Existing friend groups,"Familiar chat; flexible spreadsheet; official lineup/map; mature expense splitting",Mostly free,"Ubiquitous tools; Splitwise says trusted by millions",High at job level,"Habit; flexibility; interoperability; zero category education","Unified state; camp geometry; ownership; festival-specific offline packet",Default competitor and likely largest cause of non-adoption,High,https://www.splitwise.com/offer
